,id,favorited,retweet
0,666020888022790149,2557,522
1,666029285002620928,131,47
2,666033412701032449,125,45
3,666044226329800704,302,141
4,666049248165822465,109,40
5,666050758794694657,133,58
6,666051853826850816,1236,860
7,666055525042405380,441,257
8,666057090499244032,300,142
9,666058600524156928,114,58
10,666063827256086533,480,223
11,666071193221509120,149,62
12,666073100786774016,326,169
13,666082916733198337,120,45
14,666094000022159362,166,76
15,666099513787052032,158,71
16,666102155909144576,80,13
17,666104133288665088,14472,6703
18,666268910803644416,105,36
19,666273097616637952,178,77
20,666287406224695296,151,68
21,666293911632134144,513,359
22,666337882303524864,200,94
23,666345417576210432,302,142
24,666353288456101888,225,74
25,666362758909284353,786,580
26,666373753744588802,191,94
27,666396247373291520,169,87
28,666407126856765440,111,41
29,666411507551481857,451,333
30,666418789513326592,127,47
31,666421158376562688,320,116
32,666428276349472768,166,86
33,666430724426358785,321,200
34,666435652385423360,168,54
35,666437273139982337,129,50
36,666447344410484738,105,22
37,666454714377183233,530,215
38,666644823164719104,236,85
39,666649482315059201,902,595
40,666691418707132416,190,48
41,666701168228331520,442,224
42,666739327293083650,240,67
43,666776908487630848,360,179
44,666781792255496192,397,203
45,666786068205871104,786,503
46,666804364988780544,245,94
47,666817836334096384,534,259
48,666826780179869698,259,101
49,666835007768551424,220,82
50,666837028449972224,840,568
51,666983947667116034,2627,1022
52,666996132027977728,249,100
53,667012601033924608,462,235
54,667044094246576128,193,52
55,667062181243039745,223,56
56,667065535570550784,171,49
57,667073648344346624,415,129
58,667090893657276420,341,130
59,667119796878725120,338,133
60,667138269671505920,4758,2321
61,667152164079423490,48895,17826
62,667160273090932737,264,65
63,667165590075940865,2769,1202
64,667171260800061440,228,95
65,667174963120574464,256,86
66,667176164155375616,629,476
67,667177989038297088,195,57
68,667182792070062081,14807,6489
69,667188689915760640,768,433
70,667192066997374976,401,110
71,667200525029539841,635,274
72,667211855547486208,508,251
73,667369227918143488,380,170
74,667393430834667520,204,58
75,667405339315146752,481,226
76,667435689202614272,316,86
77,667437278097252352,466,251
78,667443425659232256,812,608
79,667453023279554560,321,94
80,667455448082227200,197,65
81,667470559035432960,267,101
82,667491009379606528,550,237
83,667495797102141441,548,289
84,667502640335572993,552,228
85,667509364010450944,7016,2227
86,667517642048163840,382,199
87,667524857454854144,1762,1176
88,667530908589760512,488,256
89,667534815156183040,849,563
90,667538891197542400,210,70
91,667544320556335104,901,551
92,667546741521195010,344,133
93,667549055577362432,6013,2409
94,667550882905632768,0,33
95,667550904950915073,0,35
96,667724302356258817,508,336
97,667728196545200128,387,159
98,667766675769573376,462,231
99,667773195014021121,240,59
100,667782464991965184,428,254
101,667793409583771648,721,346
102,667801013445750784,339,100
103,667806454573760512,1090,524
104,667832474953625600,295,67
105,667861340749471744,250,83
106,667866724293877760,3113,1087
107,667873844930215936,655,428
108,667878741721415682,405,126
109,667885044254572545,849,513
110,667886921285246976,1971,1154
111,667902449697558528,876,390
112,667911425562669056,511,318
113,667915453470232577,218,58
114,667924896115245057,309,118
115,667937095915278337,1328,841
116,668113020489474048,692,259
117,668142349051129856,582,303
118,668154635664932864,514,332
119,668171859951755264,512,204
120,668190681446379520,678,207
121,668204964695683073,576,204
122,668221241640230912,527,212
123,668226093875376128,317,112
124,668237644992782336,6465,3018
125,668248472370458624,1034,516
126,668256321989451776,1353,652
127,668268907921326080,576,255
128,668274247790391296,863,244
129,668286279830867968,525,147
130,668291999406125056,260,34
131,668297328638447616,644,313
132,668466899341221888,924,547
133,668480044826800133,481,157
134,668484198282485761,444,250
135,668496999348633600,428,141
136,668507509523615744,339,113
137,668528771708952576,489,237
138,668537837512433665,260,78
139,668542336805281792,484,227
140,668544745690562560,543,241
141,668567822092664832,257,61
142,668614819948453888,637,335
143,668620235289837568,216,47
144,668623201287675904,1513,834
145,668625577880875008,411,140
146,668627278264475648,333,122
147,668631377374486528,748,340
148,668633411083464705,2956,1751
149,668636665813057536,1088,514
150,668641109086707712,1125,567
151,668643542311546881,925,565
152,668645506898350081,936,575
153,668655139528511488,553,229
154,668779399630725120,735,398
155,668815180734689280,596,286
156,668826086256599040,457,147
157,668852170888998912,470,174
158,668872652652679168,550,315
159,668892474547511297,413,162
160,668902994700836864,330,106
161,668932921458302977,281,61
162,668955713004314625,295,74
163,668960084974809088,740,252
164,668975677807423489,1370,622
165,668979806671884288,830,375
166,668981893510119424,565,327
167,668986018524233728,574,180
168,668988183816871936,942,503
169,668989615043424256,711,346
170,668992363537309700,781,370
171,668994913074286592,460,249
172,669000397445533696,21755,6779
173,669006782128353280,599,265
174,669015743032369152,773,394
175,669037058363662336,683,328
176,669203728096960512,1054,510
177,669214165781868544,461,179
178,669216679721873412,944,408
179,669324657376567296,515,219
180,669327207240699904,599,122
181,669328503091937280,1055,441
182,669351434509529089,464,198
183,669353438988365824,674,273
184,669354382627049472,2827,1354
185,669359674819481600,382,132
186,669363888236994561,652,245
187,669367896104181761,479,169
188,669371483794317312,515,190
189,669375718304980992,1396,769
190,669393256313184256,378,81
191,669564461267722241,404,131
192,669567591774625800,244,60
193,669571471778410496,1656,1066
194,669573570759163904,452,154
195,669583744538451968,1557,991
196,669597912108789760,537,160
197,669603084620980224,990,393
198,669625907762618368,3693,1919
199,669661792646373376,842,465
200,669680153564442624,698,306
201,669682095984410625,368,141
202,669683899023405056,408,117
203,669749430875258880,283,68
204,669753178989142016,841,426
205,669923323644657664,245,62
206,669926384437997569,394,112
207,669942763794931712,528,180
208,669970042633789440,314,65
209,669972011175813120,460,172
210,669993076832759809,337,90
211,670003130994700288,345,98
212,670037189829525505,612,298
213,670040295598354432,785,117
214,670046952931721218,674,188
215,670055038660800512,696,353
216,670061506722140161,800,369
217,670069087419133954,664,263
218,670073503555706880,1633,845
219,670079681849372674,2332,1342
220,670086499208155136,724,267
221,670093938074779648,1080,358
222,670290420111441920,737,301
223,670303360680108032,443,145
224,670319130621435904,4019,1312
225,670338931251150849,445,118
226,670361874861563904,340,71
227,670374371102445568,769,286
228,670385711116361728,583,226
229,670403879788544000,452,170
230,670408998013820928,583,239
231,670411370698022913,2131,966
232,670417414769758208,592,343
233,670420569653809152,657,332
234,670421925039075328,1368,683
235,670427002554466305,539,174
236,670428280563085312,1451,676
237,670433248821026816,335,121
238,670434127938719744,1468,690
239,670435821946826752,1096,558
240,670442337873600512,677,207
241,670444955656130560,7000,2102
242,670449342516494336,1238,718
243,670452855871037440,572,220
244,670465786746662913,1013,590
245,670468609693655041,365,89
246,670474236058800128,1597,814
247,670668383499735048,11211,5376
248,670676092097810432,261,45
249,670679630144274432,782,308
250,670691627984359425,612,256
251,670704688707301377,794,393
252,670717338665226240,1272,529
253,670727704916926465,866,392
254,670733412878163972,1005,538
255,670755717859713024,466,120
256,670764103623966721,1122,453
257,670778058496974848,340,76
258,670780561024270336,808,307
259,670782429121134593,1644,838
260,670783437142401025,853,419
261,670786190031921152,628,214
262,670789397210615808,691,254
263,670792680469889025,869,293
264,670797304698376195,758,252
265,670803562457407488,351,93
266,670804601705242624,2057,1007
267,670807719151067136,1197,521
268,670811965569282048,1175,286
269,670815497391357952,3317,1656
270,670822709593571328,634,103
271,670823764196741120,807,202
272,670826280409919488,5816,4344
273,670832455012716544,765,234
274,670833812859932673,465,132
275,670838202509447168,1164,736
276,670840546554966016,619,208
277,670842764863651840,25648,9346
278,670995969505435648,1152,309
279,671109016219725825,1195,468
280,671115716440031232,1408,821
281,671122204919246848,3653,2701
282,671134062904504320,780,208
283,671138694582165504,967,428
284,671141549288370177,1218,695
285,671147085991960577,700,244
286,671151324042559489,698,162
287,671154572044468225,751,229
288,671159727754231808,391,87
289,671163268581498880,1736,1183
290,671166507850801152,910,376
291,671182547775299584,1169,365
292,671186162933985280,769,230
293,671347597085433856,1012,462
294,671355857343524864,497,118
295,671357843010908160,418,155
296,671362598324076544,1168,311
297,671390180817915904,1480,784
298,671485057807351808,791,245
299,671486386088865792,610,221
300,671488513339211776,1051,500
301,671497587707535361,964,474
302,671504605491109889,7354,3771
303,671511350426865664,1686,774
304,671518598289059840,985,311
305,671520732782923777,1454,571
306,671528761649688577,876,275
307,671533943490011136,1071,613
308,671536543010570240,1226,436
309,671538301157904385,962,421
310,671542985629241344,1139,602
311,671544874165002241,2081,1118
312,671547767500775424,1415,637
313,671561002136281088,13439,7718
314,671729906628341761,8922,4653
315,671735591348891648,1502,796
316,671743150407421952,768,241
317,671744970634719232,1398,822
318,671763349865160704,1753,979
319,671768281401958400,1241,555
320,671789708968640512,7371,3718
321,671855973984772097,953,486
322,671866342182637568,1170,535
323,671874878652489728,1304,588
324,671879137494245376,1478,733
325,671882082306625538,3611,1466
326,671891728106971137,1386,600
327,671896809300709376,8824,4425
328,672068090318987265,1356,548
329,672082170312290304,982,391
330,672095186491711488,1036,392
331,672125275208069120,2509,1218
332,672139350159835138,1829,772
333,672160042234327040,907,383
334,672169685991993344,1057,394
335,672205392827572224,2358,1232
336,672222792075620352,815,225
337,672231046314901505,1918,1073
338,672239279297454080,934,339
339,672245253877968896,713,166
340,672248013293752320,1794,646
341,672254177670729728,1484,785
342,672256522047614977,2935,1662
343,672264251789176834,1195,368
344,672267570918129665,1560,649
345,672272411274932228,6740,3602
346,672466075045466113,1415,580
347,672475084225949696,1504,752
348,672481316919734272,739,131
349,672482722825261057,1182,649
350,672488522314567680,1160,472
351,672523490734551040,677,185
352,672538107540070400,1068,398
353,672591271085670400,757,200
354,672591762242805761,989,356
355,672594978741354496,1378,646
356,672604026190569472,1161,435
357,672609152938721280,1158,415
358,672614745925664768,1275,630
359,672622327801233409,1352,526
360,672640509974827008,1011,344
361,672828477930868736,1309,517
362,672834301050937345,1371,613
363,672877615439593473,1070,393
364,672884426393653248,1622,880
365,672898206762672129,925,447
366,672902681409806336,1420,536
367,672964561327235073,1479,690
368,672968025906282496,1370,590
369,672970152493887488,996,378
370,672975131468300288,1763,987
371,672980819271634944,1883,1055
372,672984142909456390,1299,577
373,672988786805112832,1011,307
374,672995267319328768,993,319
375,672997845381865473,2045,767
376,673148804208660480,1777,676
377,673213039743795200,2355,907
378,673240798075449344,1478,777
379,673270968295534593,1106,395
380,673295268553605120,7870,3398
381,673317986296586240,903,283
382,673320132811366400,14164,8490
383,673342308415348736,1322,632
384,673343217010679808,1013,283
385,673345638550134785,2637,1383
386,673350198937153538,763,224
387,673352124999274496,1723,574
388,673355879178194945,1556,631
389,673359818736984064,1522,717
390,673363615379013632,1065,334
391,673576835670777856,1444,599
392,673580926094458881,862,287
393,673583129559498752,1242,393
394,673612854080196609,1657,780
395,673636718965334016,1171,398
396,673656262056419329,749,260
397,673662677122719744,1305,384
398,673680198160809984,1427,504
399,673686845050527744,1510,466
400,673688752737402881,1321,530
401,673689733134946305,1822,690
402,673697980713705472,3982,2109
403,673700254269775872,1493,613
404,673705679337693185,1309,426
405,673707060090052608,1152,421
406,673708611235921920,1119,310
407,673709992831262724,887,299
408,673711475735838725,1086,319
409,673715861853720576,3718,2249
410,673887867907739649,976,270
411,673906403526995968,3336,1757
412,673919437611909120,1218,391
413,673956914389192708,2050,1044
414,674008982932058114,1256,381
415,674014384960745472,1640,698
416,674019345211760640,1183,328
417,674024893172875264,1879,1320
418,674036086168010753,881,235
419,674038233588723717,1151,442
420,674042553264685056,754,139
421,674045139690631169,1481,693
422,674051556661161984,1522,522
423,674053186244734976,3485,1408
424,674063288070742018,6676,2393
425,674075285688614912,1021,307
426,674082852460433408,785,182
427,674255168825880576,1538,604
428,674262580978937856,1354,490
429,674265582246694913,1719,908
430,674269164442398721,938,249
431,674271431610523648,1648,782
432,674291837063053312,15501,6360
433,674318007229923329,1479,557
434,674372068062928900,894,334
435,674394782723014656,1573,617
436,674410619106390016,1256,507
437,674416750885273600,713,152
438,674422304705744896,1500,573
439,674436901579923456,1170,422
440,674447403907457024,1115,384
441,674468880899788800,6532,2223
442,674632714662858753,1573,620
443,674638615994089473,1765,632
444,674644256330530816,1074,297
445,674646392044941312,1503,544
446,674664755118911488,970,273
447,674670581682434048,1701,704
448,674690135443775488,1207,501
449,674737130913071104,672,100
450,674739953134403584,1171,424
451,674743008475090944,1471,595
452,674752233200820224,1546,503
453,674754018082705410,1433,482
454,674764817387900928,830,259
455,674767892831932416,1929,861
456,674774481756377088,1186,518
457,674781762103414784,2103,1310
458,674788554665512960,848,225
459,674790488185167872,1158,272
460,674793399141146624,2640,1184
461,674800520222154752,3165,934
462,674805413498527744,911,383
463,674999807681908736,2371,1200
464,675003128568291329,1633,507
465,675006312288268288,1028,244
466,675015141583413248,2852,1296
467,675047298674663426,1118,356
468,675109292475830276,2938,1224
469,675111688094527488,1014,275
470,675113801096802304,2064,852
471,675135153782571009,1367,532
472,675145476954566656,2249,975
473,675146535592706048,1265,341
474,675147105808306176,999,261
475,675149409102012420,3950,1828
476,675153376133427200,6656,2827
477,675166823650848770,3822,1749
478,675334060156301312,2942,1401
479,675349384339542016,4161,2460
480,675354435921575936,34599,18576
481,675362609739206656,1107,253
482,675372240448454658,1799,548
483,675432746517426176,1599,615
484,675483430902214656,1953,1057
485,675489971617296384,1371,649
486,675497103322386432,3319,1416
487,675501075957489664,18152,6325
488,675517828909424640,1382,495
489,675522403582218240,1098,308
490,675531475945709568,1246,420
491,675534494439489536,1909,454
492,675706639471788032,681,104
493,675707330206547968,2105,752
494,675710890956750848,2003,901
495,675740360753160193,1229,377
496,675781562965868544,1705,518
497,675798442703122432,10873,3688
498,675820929667219457,1112,252
499,675822767435051008,1618,578
500,675845657354215424,2423,971
501,675853064436391936,2855,1417
502,675870721063669760,1743,617
503,675878199931371520,4427,1536
504,675888385639251968,2524,1044
505,675891555769696257,2260,951
506,675898130735476737,1738,634
507,676089483918516224,1397,467
508,676098748976615425,3203,1565
509,676101918813499392,2980,1259
510,676146341966438401,2041,726
511,676191832485810177,2419,1121
512,676215927814406144,1845,645
513,676219687039057920,79091,33860
514,676237365392908289,1299,325
515,676263575653122048,2194,593
516,676430933382295552,1480,377
517,676440007570247681,1825,734
518,676470639084101634,12389,5110
519,676496375194980353,1603,584
520,676533798876651520,1994,606
521,676575501977128964,2753,1231
522,676582956622721024,1283,307
523,676588346097852417,2479,871
524,676603393314578432,1250,431
525,676606785097199616,2003,482
526,676613908052996102,1157,212
527,676617503762681856,3083,1083
528,676776431406465024,5299,2197
529,676811746707918848,1508,461
530,676819651066732545,1917,725
531,676821958043033607,24607,17128
532,676864501615042560,2237,784
533,676897532954456065,2388,798
534,676936541936185344,13537,5388
535,676942428000112642,2211,839
536,676946864479084545,1812,415
537,676948236477857792,2308,958
538,676949632774234114,1378,431
539,676957860086095872,2345,889
540,676975532580409345,2952,1175
541,677187300187611136,2913,1005
542,677228873407442944,3777,1795
543,677269281705472000,2117,776
544,677301033169788928,1329,455
545,677314812125323265,1754,592
546,677328882937298944,3872,1644
547,677331501395156992,1161,261
548,677334615166730240,1449,322
549,677530072887205888,1132,245
550,677547928504967168,7412,3984
551,677557565589463040,2601,1279
552,677565715327688705,1376,504
553,677573743309385728,2280,805
554,677644091929329666,2006,872
555,677662372920729601,2084,1071
556,677673981332312066,3556,1641
557,677687604918272002,2632,925
558,677698403548192770,1305,351
559,677700003327029250,3614,1576
560,677716515794329600,3261,1072
561,677895101218201600,5165,2332
562,677918531514703872,1442,447
563,678021115718029313,14707,6993
564,678255464182861824,1695,408
565,678278586130948096,12283,6683
566,678334497360859136,1388,295
567,678341075375947776,1851,593
568,678380236862578688,2603,991
569,678389028614488064,1997,463
570,678396796259975168,1698,463
571,678399652199309312,61277,30130
572,678410210315247616,4546,2012
573,678424312106393600,5806,2812
574,678446151570427904,4272,1739
575,678643457146150913,2201,473
576,678675843183484930,3076,1640
577,678740035362037760,4019,1886
578,678755239630127104,7653,3661
579,678764513869611008,1748,529
580,678767140346941444,3782,1516
581,678774928607469569,2984,1016
582,678798276842360832,3736,1310
583,678800283649069056,2760,992
584,678969228704284672,1757,512
585,678991772295516161,2497,1294
586,679047485189439488,2416,757
587,679062614270468097,18353,9087
588,679111216690831360,6401,2830
589,679132435750195208,3182,1281
590,679148763231985668,2973,1136
591,679158373988876288,23087,8957
592,679462823135686656,34161,20802
593,679475951516934144,2252,707
594,679503373272485890,3404,1635
595,679511351870550016,3620,1425
596,679527802031484928,2845,804
597,679530280114372609,5113,2287
598,679722016581222400,1778,522
599,679729593985699840,2319,910
600,679736210798047232,2252,886
601,679777920601223168,3320,1243
602,679828447187857408,38956,15467
603,679844490799091713,2545,862
604,679854723806179328,3079,1358
605,679862121895714818,2633,687
606,679877062409191424,2108,708
607,680055455951884288,17940,7878
608,680070545539371008,2759,967
609,680085611152338944,13712,9812
610,680100725817409536,3820,1512
611,680115823365742593,2910,1007
612,680130881361686529,2463,1049
613,680145970311643136,3880,1921
614,680161097740095489,2479,807
615,680176173301628928,4185,1726
616,680191257256136705,2301,566
617,680206703334408192,3043,1297
618,680221482581123072,1564,322
619,680440374763077632,1550,553
620,680473011644985345,2715,826
621,680494726643068929,1840,531
622,680497766108381184,4555,2119
623,680583894916304897,3871,1477
624,680609293079592961,2832,792
625,680798457301471234,3073,1154
626,680801747103793152,2545,910
627,680836378243002368,3700,1483
628,680889648562991104,1897,406
629,680913438424612864,2564,685
630,680934982542561280,2229,487
631,680940246314430465,3466,1173
632,680959110691590145,4893,2199
633,680970795137544192,2606,728
634,681193455364796417,3990,1645
635,681231109724700672,2569,531
636,681242418453299201,1608,606
637,681261549936340994,1560,300
638,681281657291280384,3453,1217
639,681297372102656000,3421,1062
640,681302363064414209,4257,2027
641,681320187870711809,2868,843
642,681339448655802368,10001,4494
643,681523177663676416,15427,6450
644,681579835668455424,3813,1451
645,681610798867845120,2054,522
646,681654059175129088,2843,1026
647,681679526984871937,1887,491
648,681694085539872773,13759,4465
649,681891461017812993,2648,924
650,681981167097122816,2973,1135
651,682003177596559360,3383,1685
652,682032003584274432,7079,2235
653,682047327939461121,3457,1064
654,682059653698686977,5337,1876
655,682242692827447297,3494,1308
656,682259524040966145,4484,1352
657,682303737705140231,3309,1103
658,682389078323662849,1790,513
659,682393905736888321,2391,753
660,682406705142087680,8163,1952
661,682429480204398592,3691,1281
662,682638830361513985,2213,662
663,682662431982772225,3275,1183
664,682697186228989953,1412,394
665,682750546109968385,1633,482
666,682788441537560576,2654,1236
667,682962037429899265,39919,18524
668,683030066213818368,2316,810
669,683078886620553216,2132,622
670,683098815881154561,2324,720
671,683111407806746624,3665,1014
672,683142553609318400,3096,1153
673,683357973142474752,3167,1038
674,683391852557561860,8185,2636
675,683449695444799489,4195,1780
676,683462770029932544,2621,745
677,683481228088049664,2827,1092
678,683498322573824003,3402,1063
679,683742671509258241,7029,3690
680,683773439333797890,3607,1493
681,683828599284170753,3000,1164
682,683834909291606017,2822,1227
683,683849932751646720,2826,1088
684,683852578183077888,2070,390
685,683857920510050305,4086,1231
686,684097758874210310,4428,1586
687,684122891630342144,2138,526
688,684177701129875456,2178,747
689,684188786104872960,3747,1304
690,684195085588783105,2064,577
691,684200372118904832,2342,1142
692,684222868335505415,4144,1530
693,684225744407494656,1335,235
694,684241637099323392,8804,3645
695,684460069371654144,2126,614
696,684481074559381504,4164,1296
697,684538444857667585,2855,1065
698,684567543613382656,3247,1374
699,684594889858887680,9642,3916
700,684800227459624960,2922,1094
701,684880619965411328,2258,917
702,684902183876321280,2016,591
703,684914660081053696,3773,1619
704,684926975086034944,3779,530
705,684940049151070208,3459,1158
706,684959798585110529,7177,3459
707,685169283572338688,4407,1583
708,685198997565345792,2502,738
709,685268753634967552,3344,1339
710,685307451701334016,2221,487
711,685315239903100929,3601,1197
712,685321586178670592,2857,717
713,685325112850124800,10251,4424
714,685532292383666176,3273,1274
715,685547936038666240,35529,17348
716,685641971164143616,3153,860
717,685663452032069632,3493,1616
718,685667379192414208,2516,641
719,685906723014619143,8107,3223
720,685943807276412928,1765,678
721,685973236358713344,2274,593
722,686003207160610816,1959,709
723,686007916130873345,2655,463
724,686034024800862208,3357,1301
725,686050296934563840,2375,816
726,686358356425093120,2362,756
727,686377065986265092,2382,624
728,686386521809772549,3494,981
729,686606069955735556,2029,597
730,686618349602762752,3968,1505
731,686683045143953408,3015,888
732,686730991906516992,4468,1320
733,686749460672679938,3748,1621
734,686947101016735744,9262,3507
735,687096057537363968,2412,676
736,687102708889812993,2518,1097
737,687109925361856513,6241,2736
738,687124485711986689,2330,559
739,687127927494963200,5896,2530
740,687312378585812992,4685,2100
741,687317306314240000,21671,10142
742,687460506001633280,2196,599
743,687476254459715584,2132,600
744,687480748861947905,1720,277
745,687494652870668288,2063,637
746,687664829264453632,2085,569
747,687704180304273409,2626,935
748,687807801670897665,2573,774
749,687818504314159109,2700,1062
750,687826841265172480,2934,1258
751,688064179421470721,1844,401
752,688116655151435777,3034,869
753,688179443353796608,2279,651
754,688211956440801280,2385,927
755,688385280030670848,10023,4919
756,688519176466644993,2475,803
757,688547210804498433,2804,773
758,688789766343622656,2382,733
759,688804835492233216,1028,218
760,688828561667567616,1476,409
761,688894073864884227,2403,774
762,688898160958271489,2262,870
763,688908934925697024,2273,854
764,688916208532455424,2936,961
765,689143371370250240,2187,574
766,689154315265683456,3299,1108
767,689275259254616065,1248,275
768,689280876073582592,2152,794
769,689283819090870273,3548,1222
770,689289219123089408,2423,1029
771,689517482558820352,3648,1575
772,689557536375177216,2213,509
773,689599056876867584,12537,6101
774,689623661272240129,2412,723
775,689659372465688576,11212,4309
776,689661964914655233,3434,1021
777,689835978131935233,2328,834
778,689877686181715968,3238,1312
779,689905486972461056,2607,769
780,689977555533848577,1466,491
781,689999384604450816,1531,414
782,690005060500217858,3929,1866
783,690015576308211712,2687,815
784,690021994562220032,3005,1146
785,690248561355657216,1810,457
786,690360449368465409,2863,981
787,690374419777196032,3493,956
788,690400367696297985,2003,498
789,690597161306841088,2109,666
790,690649993829576704,1405,311
791,690690673629138944,2490,874
792,690728923253055490,2328,577
793,690735892932222976,4056,1417
794,690932576555528194,3535,1122
795,690938899477221376,4459,2201
796,690959652130045952,3846,1388
797,691090071332753408,1837,377
798,691096613310316544,3192,994
799,691321916024623104,2778,730
800,691416866452082688,20859,8448
801,691444869282295808,2853,937
802,691459709405118465,4371,1266
803,691483041324204033,2548,635
804,691675652215414786,2081,563
805,691756958957883396,3118,1134
806,691820333922455552,4243,1818
807,692017291282812928,3085,1061
808,692142790915014657,1761,430
809,692158366030913536,2315,883
810,692187005137076224,2708,908
811,692417313023332352,10086,3823
812,692530551048294401,1986,465
813,692535307825213440,3440,1497
814,692568918515392513,4658,1693
815,692752401762250755,7344,4020
816,692828166163931137,3091,966
817,692894228850999298,2455,888
818,692901601640583168,1928,666
819,692905862751522816,2622,974
820,692919143163629568,2873,823
821,693095443459342336,2011,511
822,693109034023534592,1847,673
823,693155686491000832,8498,3539
824,693231807727280129,3075,811
825,693262851218264065,2398,554
826,693280720173801472,3608,1371
827,693486665285931008,1903,686
828,693590843962331137,5459,2169
829,693622659251335168,1655,409
830,693629975228977152,2635,882
831,693642232151285760,2736,459
832,693647888581312512,2902,653
833,693942351086120961,1860,407
834,694001791655137281,3634,1146
835,694183373896572928,3172,1024
836,694206574471057408,4503,2250
837,694329668942569472,2164,553
838,694352839993344000,2195,685
839,694356675654983680,1622,320
840,694669722378485760,38291,15928
841,694905863685980160,2983,1034
842,695051054296211456,2865,868
843,695064344191721472,1728,664
844,695074328191332352,3055,1215
845,695095422348574720,2830,675
846,695314793360662529,3926,1633
847,695409464418041856,9266,3931
848,695446424020918272,4682,1993
849,695629776980148225,4923,2330
850,695767669421768709,2017,824
851,695794761660297217,3421,859
852,695816827381944320,3227,1290
853,696405997980676096,3459,1255
854,696488710901260288,2735,1138
855,696713835009417216,2562,725
856,696754882863349760,1581,390
857,696877980375769088,2633,784
858,696886256886657024,5203,1978
859,696894894812565505,2531,743
860,696900204696625153,3438,1131
861,697242256848379904,2707,737
862,697255105972801536,3250,1281
863,697259378236399616,3544,1102
864,697270446429966336,5023,2046
865,697463031882764288,3677,1518
866,697482927769255936,2606,749
867,697575480820686848,2201,557
868,697596423848730625,3256,1391
869,697616773278015490,3396,1118
870,697881462549430272,3249,1306
871,697943111201378304,2580,759
872,697990423684476929,3531,1424
873,697995514407682048,1637,365
874,698178924120031232,3023,812
875,698195409219559425,18062,6587
876,698262614669991936,5115,2222
877,698342080612007937,2438,1046
878,698355670425473025,2007,498
879,698549713696649216,2495,685
880,698635131305795584,1378,375
881,698703483621523456,1564,417
882,698710712454139905,2660,756
883,698907974262222848,2736,681
884,698953797952008193,2913,992
885,698989035503689728,3647,1084
886,699036661657767936,2811,1319
887,699072405256409088,3235,1305
888,699079609774645248,2629,722
889,699088579889332224,2402,696
890,699323444782047232,3398,960
891,699370870310113280,2019,485
892,699413908797464576,2216,681
893,699423671849451520,1474,369
894,699434518667751424,2337,564
895,699446877801091073,6384,2883
896,699691744225525762,11038,5060
897,699775878809702401,2105,671
898,699779630832685056,2979,1368
899,699788877217865730,2417,544
900,699801817392291840,3282,1067
901,700002074055016451,3554,1488
902,700029284593901568,2223,640
903,700062718104104960,2839,763
904,700143752053182464,8114,3046
905,700151421916807169,2409,732
906,700167517596164096,2851,823
907,700462010979500032,4462,1987
908,700505138482569216,2449,628
909,700518061187723268,2834,882
910,700747788515020802,24636,10357
911,700796979434098688,2620,1056
912,700847567345688576,2610,551
913,700864154249383937,2784,672
914,700890391244103680,2388,636
915,701214700881756160,13200,5666
916,701545186879471618,2847,667
917,701570477911896070,3029,1031
918,701601587219795968,2244,510
919,701889187134500865,3836,1519
920,701952816642965504,4102,1123
921,701981390485725185,3697,1087
922,702217446468493312,5175,1477
923,702276748847800320,2654,839
924,702321140488925184,3540,1138
925,702539513671897089,3081,1062
926,702598099714314240,11124,3620
927,702671118226825216,2353,618
928,702684942141153280,3458,1189
929,702932127499816960,2784,799
930,703041949650034688,28445,13840
931,703079050210877440,7931,3402
932,703268521220972544,2112,610
933,703356393781329922,2048,425
934,703382836347330562,3768,1260
935,703407252292673536,2646,765
936,703425003149250560,4090,1525
937,703611486317502464,4150,1673
938,703631701117943808,2791,760
939,703769065844768768,3548,1251
940,703774238772166656,1982,514
941,704054845121142784,3145,1007
942,704113298707505153,1995,618
943,704347321748819968,1700,386
944,704364645503647744,8645,3912
945,704480331685040129,3652,1169
946,704499785726889984,3157,1100
947,704761120771465216,7142,3191
948,704819833553219584,2842,1113
949,704847917308362754,5495,1694
950,704859558691414016,2421,600
951,704871453724954624,4524,1226
952,705066031337840642,2333,665
953,705102439679201280,2311,570
954,705223444686888960,2767,884
955,705239209544720384,3217,826
956,705428427625635840,4102,1873
957,705442520700944385,4783,1819
958,705475953783398401,3176,1021
959,705591895322394625,3409,1274
960,705786532653883392,2094,585
961,705898680587526145,2543,626
962,705970349788291072,3371,983
963,705975130514706432,3332,818
964,706166467411222528,5521,1771
965,706265994973601792,2920,1007
966,706291001778950144,1823,513
967,706310011488698368,23042,8799
968,706346369204748288,3699,1013
969,706516534877929472,3334,1134
970,706538006853918722,3711,1545
971,706593038911545345,2314,693
972,706644897839910912,2768,1203
973,706681918348251136,3558,1067
974,706901761596989440,2219,664
975,707014260413456384,2464,650
976,707021089608753152,4353,1512
977,707038192327901184,2362,882
978,707059547140169728,2755,745
979,707297311098011648,2954,882
980,707315916783140866,2648,706
981,707377100785885184,3524,1183
982,707387676719185920,3766,1440
983,707411934438625280,2440,659
984,707420581654872064,2445,772
985,707610948723478529,18228,7075
986,707693576495472641,3674,1101
987,707741517457260545,2669,675
988,707776935007539200,3520,1044
989,707969809498152960,2890,1068
990,707995814724026368,3326,1234
991,708026248782585858,4681,2115
992,708109389455101952,2078,593
993,708119489313951744,2881,1075
994,708130923141795840,3637,924
995,708149363256774660,4570,1688
996,708349470027751425,2524,811
997,708356463048204288,3872,1486
998,708469915515297792,3296,899
999,708479650088034305,2728,747
1000,708711088997666817,2733,805
1001,708738143638450176,2938,895
1002,708810915978854401,17711,7649
1003,708834316713893888,1823,553
1004,708845821941387268,3175,987
1005,709042156699303936,5115,1811
1006,709158332880297985,2192,457
1007,709198395643068416,2582,706
1008,709207347839836162,13514,6415
1009,709225125749587968,2570,631
1010,709409458133323776,2803,766
1011,709449600415961088,2383,652
1012,709519240576036864,1592,265
1013,709556954897764353,3520,1172
1014,709566166965075968,3780,1334
1015,709852847387627521,3759,1312
1016,709901256215666688,719,109
1017,709918798883774466,3197,1185
1018,710117014656950272,5903,2195
1019,710140971284037632,2967,983
1020,710153181850935296,3108,977
1021,710269109699739648,2572,1234
1022,710272297844797440,4846,1383
1023,710283270106132480,2274,568
1024,710588934686908417,4889,2057
1025,710658690886586372,2469,622
1026,710833117892898816,2883,590
1027,710844581445812225,2730,754
1028,710997087345876993,4875,1536
1029,711008018775851008,3209,689
1030,711306686208872448,3539,804
1031,711363825979756544,3925,1256
1032,711652651650457602,4145,1012
1033,711694788429553666,35209,20048
1034,711732680602345472,9554,4530
1035,711743778164514816,3046,1084
1036,711968124745228288,8620,2538
1037,711998809858043904,0,137
1038,712065007010385924,2419,692
1039,712085617388212225,3462,541
1040,712092745624633345,3156,996
1041,712097430750289920,4070,1147
1042,712438159032893441,5695,1715
1043,712668654853337088,4455,1336
1044,712717840512598017,13250,5474
1045,712809025985978368,19961,7405
1046,713175907180089344,4768,1597
1047,713177543487135744,7708,3116
1048,713411074226274305,4715,1414
1049,713761197720473600,5210,1512
1050,713900603437621249,3018,817
1051,713919462244790272,3498,852
1052,714141408463036416,4602,1535
1053,714214115368108032,2430,966
1054,714251586676113411,3501,923
1055,714258258790387713,3221,790
1056,714606013974974464,3874,1022
1057,714631576617938945,3500,1097
1058,714957620017307648,4422,1555
1059,714982300363173890,4018,1133
1060,715009755312439296,4468,1362
1061,715200624753819648,5483,2065
1062,715220193576927233,2577,723
1063,715342466308784130,3232,753
1064,715360349751484417,5851,1729
1065,715680795826982913,4628,1782
1066,715696743237730304,4181,1417
1067,715733265223708672,4993,1859
1068,715928423106027520,3428,965
1069,716080869887381504,5230,1915
1070,716285507865542656,2975,1196
1071,716439118184652801,2527,241
1072,716791146589110272,5914,1520
1073,716802964044845056,4562,1286
1074,717009362452090881,3498,1075
1075,717047459982213120,6712,2092
1076,717421804990701568,3374,927
1077,717537687239008257,6168,2017
1078,717790033953034240,3107,1241
1079,717841801130979328,2620,655
1080,718234618122661888,4134,1097
1081,718246886998687744,2059,552
1082,718454725339934721,5216,1650
1083,718460005985447936,2891,584
1084,718540630683709445,2670,1111
1085,718613305783398402,2621,531
1086,718631497683582976,20313,8888
1087,718939241951195136,5613,1925
1088,718971898235854848,3734,1207
1089,719332531645071360,3648,1049
1090,719339463458033665,4719,1370
1091,719367763014393856,2979,810
1092,719551379208073216,5407,2121
1093,719704490224398336,4882,1590
1094,719991154352222208,5180,1925
1095,720043174954147842,5245,2199
1096,720059472081784833,4160,1240
1097,720340705894408192,3065,1072
1098,720389942216527872,6865,2768
1099,720415127506415616,4414,1639
1100,720775346191278080,2647,745
1101,720785406564900865,3330,845
1102,721001180231503872,2698,676
1103,721503162398597120,4988,2064
1104,722613351520608256,5298,1795
1105,722974582966214656,4400,1721
1106,723179728551723008,5664,2059
1107,723673163800948736,3237,982
1108,723688335806480385,8282,3273
1109,723912936180330496,4156,1346
1110,724004602748780546,4478,1737
1111,724046343203856385,2851,609
1112,724049859469295616,4648,1940
1113,724405726123311104,5688,1808
1114,724771698126512129,2544,704
1115,724983749226668032,3964,1432
1116,725729321944506368,5551,1953
1117,725786712245440512,4459,1490
1118,725842289046749185,7558,2903
1119,726224900189511680,4730,1275
1120,726828223124897792,3809,1104
1121,726887082820554753,4115,1650
1122,726935089318363137,7376,2685
1123,727175381690781696,4144,1499
1124,727286334147182592,3255,902
1125,727314416056803329,3553,821
1126,727524757080539137,4795,1349
1127,727644517743104000,6332,1920
1128,727685679342333952,3143,698
1129,728015554473250816,4399,1201
1130,728035342121635841,4868,1837
1131,728046963732717569,4629,1292
1132,728387165835677696,3938,1049
1133,728409960103686147,5287,2217
1134,728653952833728512,3550,1144
1135,728751179681943552,2996,742
1136,728760639972315136,4999,1862
1137,728986383096946689,3400,895
1138,729113531270991872,2023,362
1139,729463711119904772,6231,2532
1140,729823566028484608,4280,1365
1141,729838605770891264,1826,420
1142,729854734790754305,4315,1228
1143,730196704625098752,5248,2119
1144,730211855403241472,4105,1153
1145,730427201120833536,3726,1149
1146,730573383004487680,5284,2379
1147,730924654643314689,6570,2181
1148,731156023742988288,4114,1398
1149,731285275100512256,3737,1076
1150,732005617171337216,16027,6013
1151,732375214819057664,8677,2768
1152,732585889486888962,3952,849
1153,732726085725589504,3792,974
1154,732732193018155009,2617,588
1155,733109485275860992,45619,17444
1156,733460102733135873,4516,1412
1157,733482008106668032,3370,1043
1158,733822306246479872,3944,1112
1159,733828123016450049,3863,858
1160,734776360183431168,2690,597
1161,734787690684657664,13491,6943
1162,734912297295085568,2933,567
1163,735137028879360001,3358,1066
1164,735256018284875776,3602,972
1165,735274964362878976,13986,5608
1166,735635087207878657,6658,2602
1167,735648611367784448,4310,1205
1168,735991953473572864,3872,1266
1169,736010884653420544,8498,3272
1170,736225175608430592,8728,3049
1171,736365877722001409,4300,1374
1172,736736130620620800,4637,1924
1173,737310737551491075,15769,8165
1174,737322739594330112,3878,885
1175,737445876994609152,11097,4932
1176,737678689543020544,5421,1474
1177,737800304142471168,10743,3818
1178,737826014890496000,5654,1957
1179,738156290900254721,2716,731
1180,738166403467907072,9458,3755
1181,738184450748633089,4649,1334
1182,738402415918125056,3524,938
1183,738537504001953792,5479,1722
1184,738883359779196928,3600,895
1185,738885046782832640,4047,1256
1186,739238157791694849,73705,51189
1187,739485634323156992,7759,3245
1188,739544079319588864,42850,23707
1189,739606147276148736,5807,1833
1190,739844404073074688,4072,936
1191,739932936087216128,4364,1188
1192,739979191639244800,21464,6544
1193,740214038584557568,7197,2171
1194,740359016048689152,3556,946
1195,740365076218183684,2671,483
1196,740373189193256964,37364,14697
1197,740676976021798912,19524,7519
1198,740699697422163968,3055,863
1199,740711788199743490,3672,1033
1200,740995100998766593,6907,3069
1201,741067306818797568,10163,3425
1202,741303864243200000,9458,3565
1203,741438259667034112,3953,921
1204,741743634094141440,8787,3058
1205,741793263812808706,4892,1666
1206,742150209887731712,5555,1733
1207,742161199639494656,4676,1514
1208,742385895052087300,7322,2205
1209,742423170473463808,10628,4213
1210,742465774154047488,7807,4285
1211,742528092657332225,4791,2197
1212,743210557239623680,4131,1506
1213,743222593470234624,6675,2107
1214,743253157753532416,4546,1333
1215,743510151680958465,8515,4080
1216,743545585370791937,3791,1042
1217,743595368194129920,19911,7264
1218,743609206067040256,4830,1521
1219,743895849529389061,3926,1058
1220,743980027717509120,4474,1204
1221,744234799360020481,128847,77791
1222,744334592493166593,7277,2373
1223,744709971296780288,6033,1722
1224,744971049620602880,8490,2966
1225,744995568523612160,3226,697
1226,745057283344719872,7804,2531
1227,745314880350101504,7719,3064
1228,745422732645535745,9246,2704
1229,745433870967832576,7667,2812
1230,745712589599014916,7522,2577
1231,745789745784041472,4360,1181
1232,746056683365994496,3832,910
1233,746131877086527488,7436,2445
1234,746369468511756288,6520,1821
1235,746507379341139972,5009,1199
1236,746726898085036033,6520,1990
1237,746790600704425984,5260,1769
1238,746818907684614144,5712,1901
1239,746872823977771008,6469,2376
1240,746906459439529985,3114,329
1241,747103485104099331,10364,4441
1242,747204161125646336,3663,1015
1243,747219827526344708,5698,1745
1244,747461612269887489,4182,1149
1245,747512671126323200,6017,1754
1246,747594051852075008,3980,1175
1247,747600769478692864,2512,604
1248,747816857231626240,5250,1288
1249,747844099428986880,3033,826
1250,747885874273214464,3188,1094
1251,747933425676525569,7170,2833
1252,747963614829678593,6271,2394
1253,748307329658011649,3969,795
1254,748324050481647620,4008,850
1255,748346686624440324,5642,1378
1256,748568946752774144,2369,750
1257,748575535303884801,6571,2213
1258,748692773788876800,4584,1472
1259,748699167502000129,5121,1776
1260,748705597323898880,2992,1047
1261,748932637671223296,6341,2503
1262,748977405889503236,11630,3798
1263,749036806121881602,3352,873
1264,749064354620928000,5196,1680
1265,749317047558017024,5949,2457
1266,749395845976588288,9314,3855
1267,749403093750648834,2840,609
1268,749417653287129088,6612,1861
1269,749774190421639168,5039,1459
1270,749981277374128128,5533,2720
1271,749996283729883136,3277,893
1272,750011400160841729,3516,1011
1273,750026558547456000,2938,873
1274,750041628174217216,3441,687
1275,750056684286914561,3386,990
1276,750071704093859840,8494,3721
1277,750086836815486976,2349,606
1278,750101899009982464,3297,935
1279,750117059602808832,4673,1440
1280,750132105863102464,3928,1403
1281,750147208377409536,3348,1073
1282,750383411068534784,4920,1272
1283,750429297815552001,14300,4814
1284,750506206503038976,4828,1281
1285,750719632563142656,14337,5608
1286,750868782890057730,5199,1554
1287,751132876104687617,5521,1452
1288,751205363882532864,6837,2035
1289,751251247299190784,13563,6542
1290,751456908746354688,3473,1101
1291,751538714308972544,5455,1407
1292,751583847268179968,4791,1241
1293,751598357617971201,8562,3365
1294,751830394383790080,6304,2170
1295,751937170840121344,5667,1496
1296,752173152931807232,6459,2055
1297,752309394570878976,0,18576
1298,752334515931054080,4148,1234
1299,752519690950500352,8000,3826
1300,752660715232722944,4792,1751
1301,752682090207055872,6532,1793
1302,752917284578922496,7453,1746
1303,753026973505581056,4222,1086
1304,753294487569522689,3696,1160
1305,753375668877008896,8262,2594
1306,753398408988139520,6284,2137
1307,753420520834629632,8587,3983
1308,753655901052166144,6345,2430
1309,754011816964026368,9553,4014
1310,754120377874386944,8510,2598
1311,754449512966619136,4084,820
1312,754482103782404096,5759,2164
1313,754747087846248448,2800,583
1314,754856583969079297,7460,2805
1315,754874841593970688,0,8957
1316,755110668769038337,23022,12348
1317,755206590534418437,17878,6002
1318,755955933503782912,7956,3209
1319,756275833623502848,6997,1706
1320,756288534030475264,45433,19358
1321,756303284449767430,4292,1202
1322,756526248105566208,11314,4055
1323,756651752796094464,5513,1476
1324,756939218950160384,7225,2237
1325,756998049151549440,6814,2220
1326,757354760399941633,4916,1587
1327,757393109802180609,6343,1951
1328,757400162377592832,16463,7598
1329,757596066325864448,4735,1182
1330,757597904299253760,0,324
1331,757611664640446465,4950,1246
1332,757725642876129280,4942,1366
1333,757729163776290825,0,9087
1334,757741869644341248,7480,3623
1335,758041019896193024,2950,423
1336,758355060040593408,3724,1210
1337,758405701903519748,5656,2145
1338,758467244762497024,5224,2485
1339,758474966123810816,4147,1107
1340,758740312047005698,6232,1783
1341,758828659922702336,12165,4278
1342,758854675097526272,3856,997
1343,759047813560868866,7091,2254
1344,759099523532779520,15806,4690
1345,759159934323924993,0,1312
1346,759197388317847553,6599,2170
1347,759447681597108224,9256,2746
1348,759557299618865152,5106,1313
1349,759566828574212096,0,23707
1350,759793422261743616,6494,2128
1351,759846353224826880,7301,2217
1352,759923798737051648,15977,6354
1353,760190180481531904,6210,2024
1354,760252756032651264,4281,968
1355,760290219849637889,29138,12833
1356,760539183865880579,8250,4058
1357,760641137271070720,5389,1447
1358,760656994973933572,7188,2153
1359,760893934457552897,4159,1085
1360,761004547850530816,12261,3865
1361,761227390836215808,5785,1727
1362,761292947749015552,4870,1235
1363,761334018830917632,5686,1617
1364,761371037149827077,0,20048
1365,761599872357261312,4497,1312
1366,761672994376806400,53920,32565
1367,761745352076779520,4641,957
1368,761750502866649088,0,4424
1369,761976711479193600,5890,2260
1370,762035686371364864,34823,17485
1371,762316489655476224,5258,1263
1372,762464539388485633,11280,4722
1373,762471784394268675,12311,7335
1374,762699858130116608,13277,4071
1375,763103485927849985,8006,2548
1376,763183847194451968,5908,1659
1377,763837565564780549,13753,4689
1378,764259802650378240,6595,1703
1379,764857477905154048,6978,1976
1380,765222098633691136,12664,3795
1381,765371061932261376,7717,2413
1382,765395769549590528,28652,3798
1383,765669560888528897,5655,1368
1384,765719909049503744,7877,2414
1385,766008592277377025,4068,559
1386,766069199026450432,4668,979
1387,766078092750233600,0,2903
1388,766313316352462849,7376,2115
1389,766423258543644672,6563,1782
1390,766693177336135680,4404,891
1391,766793450729734144,5549,1528
1392,767122157629476866,11029,3199
1393,767191397493538821,13391,4291
1394,767500508068192258,8153,2621
1395,767754930266464257,17491,6063
1396,767884188863397888,5194,1585
1397,768193404517830656,11901,3971
1398,768473857036525572,14844,3851
1399,768596291618299904,5496,1438
1400,768609597686943744,4496,1355
1401,768855141948723200,4583,1006
1402,768970937022709760,15723,7368
1403,769212283578875904,5891,1924
1404,769695466921623552,6977,1871
1405,769940425801170949,34335,10839
1406,770069151037685760,8257,2587
1407,770093767776997377,0,3425
1408,770293558247038976,6806,1673
1409,770414278348247044,6872,2315
1410,770655142660169732,8001,1967
1411,770772759874076672,5668,1584
1412,770787852854652928,5410,1373
1413,771004394259247104,0,247
1414,771014301343748096,7514,1862
1415,771102124360998913,6790,1613
1416,771136648247640064,10046,3278
1417,771171053431250945,0,8490
1418,771380798096281600,11520,5750
1419,771500966810099713,9019,2940
1420,771770456517009408,13122,3822
1421,772102971039580160,4373,1041
1422,772114945936949249,2960,528
1423,772117678702071809,4094,823
1424,772152991789019136,4119,1264
1425,772193107915964416,6561,1563
1426,772581559778025472,7071,1910
1427,772615324260794368,0,3795
1428,772826264096874500,8708,2612
1429,772877495989305348,9382,4382
1430,773191612633579521,10914,4618
1431,773247561583001600,10236,3609
1432,773308824254029826,25365,8425
1433,773547596996571136,24084,6951
1434,773670353721753600,5826,1460
1435,773704687002451968,7204,1838
1436,773922284943896577,6981,1947
1437,773985732834758656,11734,4373
1438,774314403806253056,23786,6303
1439,774639387460112384,7355,1960
1440,774757898236878852,9328,1985
1441,775085132600442880,16992,5336
1442,775364825476165632,8150,3367
1443,775729183532220416,14128,5173
1444,775733305207554048,15150,4509
1445,775842724423557120,12798,3026
1446,775898661951791106,0,17444
1447,776088319444877312,2005,171
1448,776113305656188928,12854,4916
1449,776201521193218049,10493,2839
1450,776218204058357768,32803,18019
1451,776477788987613185,9700,3159
1452,776813020089548800,5344,1364
1453,776819012571455488,0,15467
1454,777189768882946048,15665,4876
1455,777621514455814149,9581,2814
1456,777641927919427584,0,4814
1457,777684233540206592,12303,3319
1458,777885040357281792,6962,1851
1459,778027034220126208,7186,1836
1460,778039087836069888,9280,2984
1461,778286810187399168,11371,3739
1462,778383385161035776,6405,1243
1463,778396591732486144,0,13840
1464,778408200802557953,14912,4900
1465,778624900596654080,5092,1141
1466,778650543019483137,6336,1690
1467,778748913645780993,7561,1508
1468,778990705243029504,21938,8235
1469,779056095788752897,16207,5108
1470,779123168116150273,12939,4112
1471,779377524342161408,9675,3522
1472,779834332596887552,20871,8004
1473,780192070812196864,9545,2529
1474,780459368902959104,5790,1199
1475,780476555013349377,0,133
1476,780496263422808064,0,4213
1477,780543529827336192,6914,1966
1478,780601303617732608,13261,3756
1479,780800785462489090,6045,1466
1480,780858289093574656,7882,2253
1481,780931614150983680,23714,8321
1482,781163403222056960,10706,3080
1483,781251288990355457,9268,2377
1484,781524693396357120,22763,6254
1485,781661882474196992,11451,3062
1486,781955203444699136,12167,3813
1487,782021823840026624,0,7075
1488,782305867769217024,18297,6299
1489,782598640137187329,8557,2134
1490,782722598790725632,18932,6087
1491,782747134529531904,8173,1572
1492,782969140009107456,26469,8312
1493,783085703974514689,8937,2501
1494,783334639985389568,32075,13265
1495,783347506784731136,0,6360
1496,783391753726550016,18557,6249
1497,783466772167098368,9297,2551
1498,783695101801398276,11453,3643
1499,783821107061198850,8078,2221
1500,783839966405230592,33046,12276
1501,784431430411685888,6233,1448
1502,784517518371221505,9853,2874
1503,784826020293709826,11143,3642
1504,785170936622350336,13291,5515
1505,785264754247995392,7994,1856
1506,785533386513321988,10016,2279
1507,785639753186217984,8573,2505
1508,785872687017132033,7342,2069
1509,785927819176054784,12487,3575
1510,786036967502913536,0,8004
1511,786233965241827333,16853,5431
1512,786363235746385920,11976,3970
1513,786595970293370880,10336,3515
1514,786664955043049472,11743,2916
1515,786709082849828864,19961,6897
1516,786963064373534720,29188,9096
1517,787322443945877504,8574,1983
1518,787397959788929025,11912,3213
1519,787717603741622272,11219,3160
1520,787810552592695296,9539,3461
1521,788039637453406209,6743,1495
1522,788070120937619456,0,3865
1523,788150585577050112,6760,1478
1524,788178268662984705,7961,2418
1525,788412144018661376,17154,6026
1526,788765914992902144,30169,11703
1527,788908386943430656,30101,14082
1528,789137962068021249,10677,3167
1529,789268448748703744,10034,2943
1530,789530877013393408,12929,3829
1531,789599242079838210,7474,2194
1532,789628658055020548,8292,2020
1533,789986466051088384,10199,2634
1534,790277117346975746,13809,3649
1535,790337589677002753,8606,2120
1536,790581949425475584,22735,8132
1537,790698755171364864,9022,2159
1538,790723298204217344,0,2634
1539,790946055508652032,18267,5341
1540,790987426131050500,10898,2420
1541,791026214425268224,0,4689
1542,791312159183634433,9669,2885
1543,791406955684368384,14431,4668
1544,791672322847637504,12921,3562
1545,792050063153438720,7901,2036
1546,792394556390137856,14855,4875
1547,792773781206999040,8071,1915
1548,792883833364439040,12443,4852
1549,792913359805018113,15791,4575
1550,793120401413079041,13956,4431
1551,793135492858580992,7097,2821
1552,793150605191548928,6785,1940
1553,793165685325201412,10342,3160
1554,793180763617361921,7599,2250
1555,793195938047070209,16789,6378
1556,793210959003287553,9828,3210
1557,793226087023144960,10817,3247
1558,793241302385262592,11587,3726
1559,793256262322548741,21978,9459
1560,793271401113350145,9502,2682
1561,793286476301799424,27094,10444
1562,793500921481273345,11759,2710
1563,793601777308463104,8774,1857
1564,793614319594401792,0,3562
1565,793845145112371200,10123,2128
1566,793962221541933056,18529,5564
1567,794205286408003585,10132,3787
1568,794332329137291264,10505,3005
1569,794355576146903043,0,11703
1570,794926597468000259,11302,2632
1571,794983741416415232,0,3829
1572,795076730285391872,17847,6157
1573,795400264262053889,11100,3251
1574,795464331001561088,54797,27077
1575,796031486298386433,11872,4195
1576,796080075804475393,9284,2625
1577,796116448414461957,9979,2749
1578,796149749086875649,35606,16253
1579,796177847564038144,0,16253
1580,796387464403357696,12117,4729
1581,796484825502875648,8328,2001
1582,796759840936919040,13049,3480
1583,796865951799083009,8428,2153
1584,797236660651966464,21969,7530
1585,797545162159308800,15946,5502
1586,797971864723324932,12806,3566
1587,798209839306514432,11384,2892
1588,798340744599797760,0,3822
1589,798628517273620480,0,2227
1590,798644042770751489,0,2102
1591,798665375516884993,0,4425
1592,798673117451325440,0,6325
1593,798694562394996736,0,5666
1594,798697898615730177,0,7405
1595,798925684722855936,8150,1628
1596,798933969379225600,14479,5082
1597,799063482566066176,8891,2791
1598,799297110730567681,10888,3157
1599,799422933579902976,8832,2165
1600,799757965289017345,9239,2451
1601,799774291445383169,0,5336
1602,800018252395122689,31211,14966
1603,800141422401830912,16806,2912
1604,800388270626521089,12246,3176
1605,800443802682937345,0,4916
1606,800459316964663297,10371,2434
1607,800513324630806528,14441,3417
1608,800751577355128832,11525,3143
1609,801115127852503040,8858,2364
1610,801167903437357056,26939,6766
1611,801285448605831168,6661,939
1612,801538201127157760,8986,2336
1613,801958328846974976,8473,1935
1614,802239329049477120,9955,2950
1615,802265048156610565,6960,1545
1616,802323869084381190,17825,6637
1617,802572683846291456,9808,2848
1618,802624713319034886,0,3319
1619,802952499103731712,9908,2272
1620,803276597545603072,11013,2801
1621,803380650405482500,8489,2112
1622,803638050916102144,12048,4700
1623,803692223237865472,0,8448
1624,803773340896923648,11026,3141
1625,804026241225523202,48937,18402
1626,804413760345620481,0,3642
1627,804738756058218496,15087,4367
1628,805207613751304193,8527,1923
1629,805487436403003392,9609,2866
1630,805520635690676224,6280,1876
1631,805826884734976000,7215,2078
1632,805932879469572096,9047,2151
1633,805958939288408065,0,6087
1634,806219024703037440,7027,1361
1635,806242860592926720,0,13265
1636,806542213899489280,11191,2694
1637,806629075125202948,82586,39721
1638,807010152071229440,14287,4323
1639,807059379405148160,0,8312
1640,807106840509214720,123507,61502
1641,807621403335917568,15992,4171
1642,808001312164028416,13783,4000
1643,808106460588765185,9558,2467
1644,808134635716833280,0,6766
1645,808501579447930884,12371,2935
1646,808733504066486276,8652,2449
1647,808838249661788160,11069,3443
1648,809084759137812480,14458,3970
1649,809220051211603969,21867,6380
1650,809448704142938112,7594,1664
1651,809808892968534016,0,5564
1652,809920764300447744,16968,4420
1653,810254108431155201,16102,3801
1654,810284430598270976,38901,12986
1655,810657578271330305,12006,2990
1656,810896069567610880,9914,2030
1657,810984652412424192,5844,1618
1658,811386762094317568,22886,7246
1659,811627233043480576,14029,3554
1660,811744202451197953,8264,1830
1661,811985624773361665,7962,1590
1662,812372279581671427,14981,4155
1663,812466873996607488,8755,2182
1664,812503143955202048,6665,1387
1665,812709060537683968,7249,1624
1666,812781120811126785,8273,2160
1667,813051746834595840,22921,8280
1668,813066809284972545,8704,2201
1669,813081950185472002,10809,3133
1670,813096984823349248,11512,4098
1671,813112105746448384,11310,3133
1672,813127251579564032,13001,3556
1673,813142292504645637,9204,2666
1674,813157409116065792,8463,2507
1675,813172488309972993,10218,2176
1676,813187593374461952,21709,4941
1677,813202720496779264,10037,2037
1678,813217897535406080,20429,8252
1679,813800681631023104,9143,2002
1680,813812741911748608,39729,15853
1681,813910438903693312,10156,2131
1682,813944609378369540,0,3649
1683,814153002265309185,31445,9834
1684,814530161257443328,9483,2100
1685,814638523311648768,12320,3065
1686,814986499976527872,8343,1467
1687,815390420867969024,11292,4292
1688,815639385530101762,9003,1863
1689,815736392542261248,10750,2561
1690,815966073409433600,24593,9615
1691,815990720817401858,5457,1183
1692,816014286006976512,0,6013
1693,816091915477250048,9750,2434
1694,816336735214911488,9400,2213
1695,816450570814898180,33407,9160
1696,816697700272001025,10711,2484
1697,816816676327063552,10906,2308
1698,816829038950027264,0,5341
1699,817056546584727552,9361,1869
1700,817120970343411712,13259,2957
1701,817171292965273600,9526,2267
1702,817181837579653120,0,9615
1703,817415592588222464,6140,1091
1704,817423860136083457,37475,16986
1705,817536400337801217,12885,3429
1706,817777686764523521,11692,3005
1707,817827839487737858,56671,30583
1708,818145370475810820,13439,2930
1709,818259473185828864,12009,2567
1710,818536468981415936,11925,2793
1711,818588835076603904,0,6951
1712,818614493328580609,10767,2913
1713,818627210458333184,24210,8382
1714,819004803107983360,94062,41234
1715,819006400881917954,49177,21288
1716,819015331746349057,0,21288
1717,819015337530290176,0,41234
1718,819227688460238848,25192,7542
1719,819347104292290561,7874,1354
1720,819588359383371776,10421,2218
1721,819711362133872643,14657,3534
1722,819924195358416896,14034,5457
1723,819952236453363712,5809,1330
1724,820078625395449857,21584,7081
1725,820314633777061888,3641,638
1726,820446719150292993,0,2912
1727,820690176645140481,13319,3632
1728,820749716845686786,34405,11214
1729,821044531881721856,13781,2580
1730,821107785811234820,10467,2406
1731,821149554670182400,9532,2268
1732,821407182352777218,12848,4913
1733,821522889702862852,8723,1987
1734,821765923262631936,9183,1867
1735,821813639212650496,0,3756
1736,821886076407029760,12373,2634
1737,822244816520155136,38157,11104
1738,822462944365645825,31190,16663
1739,822489057087389700,19759,7206
1740,822610361945911296,16050,3332
1741,822647212903690241,0,7206
1742,822859134160621569,14358,2566
1743,822872901745569793,144008,49441
1744,822975315408461824,18819,3869
1745,823269594223824897,0,11104
1746,823322678127919110,17131,4530
1747,823581115634085888,14155,2976
1748,823699002998870016,13649,2710
1749,823939628516474880,11566,3046
1750,824297048279236611,16332,4346
1751,824325613288833024,12798,11632
1752,824663926340194305,10938,1948
1753,824775126675836928,16262,3960
1754,824796380199809024,0,6157
1755,825026590719483904,6902,1445
1756,825147591692263424,19873,5133
1757,825535076884762624,56420,19293
1758,825829644528148480,13808,2792
1759,825876512159186944,11346,2096
1760,826115272272650244,17011,3513
1761,826204788643753985,5283,1053
1762,826240494070030336,14385,2901
1763,826476773533745153,19962,4704
1764,826598365270007810,10929,2632
1765,826848821049180160,39620,11525
1766,826958653328592898,23396,5613
1767,827199976799354881,11471,2510
1768,827324948884643840,17209,3425
1769,827600520311402496,8034,1055
1770,827653905312006145,16736,3353
1771,827933404142436356,21832,5858
1772,828011680017821696,11208,2395
1773,828046555563323392,12744,3194
1774,828372645993398273,13556,3272
1775,828376505180889089,8002,1189
1776,828381636999917570,13666,2487
1777,828408677031882754,8269,1433
1778,828409743546925057,6796,1282
1779,828650029636317184,10294,1503
1780,828708714936930305,39597,12558
1781,828770345708580865,27651,6577
1782,829011960981237760,57318,18147
1783,829141528400556032,26523,8303
1784,829374341691346946,37470,10438
1785,829449946868879360,11336,2275
1786,829501995190984704,34304,11859
1787,829861396166877184,13237,2195
1788,829878982036299777,0,5613
1789,830097400375152640,10625,3369
1790,830583320585068544,72270,18824
1791,830956169170665475,8603,1681
1792,831262627380748289,12849,2293
1793,831309418084069378,12634,2715
1794,831315979191906304,7007,1240
1795,831322785565769729,9897,1707
1796,831552930092285952,9718,2558
1797,831650051525054464,7752,2182
1798,831670449226514432,11289,2022
1799,831911600680497154,29860,7281
1800,831939777352105988,25912,6859
1801,832032802820481025,19278,5201
1802,832040443403784192,0,10839
1803,832215726631055365,0,10444
1804,832273440279240704,12180,2606
1805,832369877331693569,18503,3558
1806,832397543355072512,12896,2482
1807,832636094638288896,17103,3127
1808,832757312314028032,18144,4026
1809,832769181346996225,0,42
1810,832998151111966721,14337,2467
1811,833124694597443584,21780,5400
1812,833479644947025920,16004,2294
1813,833722901757046785,22243,3561
1814,833826103416520705,16499,3825
1815,833863086058651648,14433,2669
1816,834086379323871233,14063,2458
1817,834167344700198914,16946,4034
1818,834209720923721728,22176,5326
1819,834458053273591808,10349,1861
1820,834574053763584002,14760,2812
1821,834786237630337024,22667,6050
1822,834931633769889797,11648,1833
1823,835152434251116546,24149,3366
1824,835172783151792128,28082,6380
1825,835264098648616962,8351,1888
1826,835297930240217089,17610,3312
1827,835574547218894849,19148,4021
1828,836001077879255040,20550,4794
1829,836260088725786625,22813,4748
1830,836380477523124226,15814,3259
1831,836677758902222849,13545,2457
1832,836753516572119041,20666,5112
1833,836989968035819520,13659,2548
1834,837110210464448512,17187,2659
1835,837366284874571778,22685,5865
1836,837471256429613056,13763,2560
1837,837482249356513284,4134,489
1838,837820167694528512,36719,8714
1839,838083903487373313,18909,3482
1840,838476387338051585,24248,5333
1841,838561493054533637,11699,1469
1842,838916489579200512,0,37
1843,838921590096166913,11973,2294
1844,839239871831150596,29155,7233
1845,839290600511926273,0,157
1846,839549326359670784,29506,8599
1847,839990271299457024,14388,2536
1848,840268004936019968,20631,6325
1849,840370681858686976,17631,5029
1850,840632337062862849,9606,1936
1851,840696689258311684,13168,1089
1852,841077006473256960,24521,5838
1853,841314665196081154,16979,5180
1854,841439858740625411,13517,4060
1855,841680585030541313,27390,8537
1856,841833993020538882,0,16986
1857,842115215311396866,14970,3317
1858,842163532590374912,26165,6384
1859,842535590457499648,19304,3845
1860,842765311967449089,7202,1409
1861,842846295480000512,16205,3930
1862,843235543001513987,22929,6661
1863,843604394117681152,18001,3002
1864,843856843873095681,22817,5088
1865,844223788422217728,14522,2405
1866,844580511645339650,17545,3438
1867,844704788403113984,41278,11348
1868,844973813909606400,16106,3520
1869,844979544864018432,14512,2836
1870,845306882940190720,24833,5906
1871,845397057150107648,8113,2002
1872,845677943972139009,26702,5230
1873,845812042753855489,31162,9585
1874,846042936437604353,17002,3147
1875,846153765933735936,33757,9910
1876,846514051647705089,47516,12711
1877,846874817362120707,21320,4300
1878,847116187444137987,22735,3487
1879,847157206088847362,21211,6400
1880,847251039262605312,21658,4675
1881,847606175596138505,19873,3683
1882,847842811428974592,5831,1470
1883,847962785489326080,24883,5592
1884,847971574464610304,0,469
1885,848212111729840128,17320,3357
1886,848324959059550208,26216,5011
1887,848690551926992896,26683,4698
1888,849051919805034497,44800,9291
1889,849336543269576704,12077,2051
1890,849412302885593088,16772,3407
1891,849776966551130114,32172,8275
1892,850019790995546112,21601,5325
1893,850145622816686080,17235,4149
1894,850380195714523136,13760,2832
1895,850753642995093505,32770,10116
1896,851224888060895234,21744,6210
1897,851464819735769094,25558,7663
1898,851591660324737024,17046,3749
1899,851861385021730816,0,23
1900,851953902622658560,0,10437
1901,852189679701164033,12036,1707
1902,852226086759018497,21008,7387
1903,852311364735569921,34773,10715
1904,852553447878664193,17202,3797
1905,852672615818899456,15665,2321
1906,852912242202992640,9484,1990
1907,853299958564483072,16269,3839
1908,853639147608842240,36555,10958
1909,853760880890318849,29940,6243
1910,854010172552949760,16898,3371
1911,854120357044912130,33351,8070
1912,854365224396361728,19713,5040
1913,854482394044301312,30609,7392
1914,854732716440526848,23801,6530
1915,855459453768019968,31172,8798
1916,855851453814013952,47147,18823
1917,856282028240666624,28681,6722
1918,856526610513747968,12269,2008
1919,856543823941562368,16894,3067
1920,857029823797047296,19602,4260
1921,857263160327368704,20699,4807
1922,857393404942143489,6128,1732
1923,857746408056729600,35460,11246
1924,857989990357356544,16682,2738
1925,858107933456039936,16269,3085
1926,858471635011153920,22245,5124
1927,858843525470990336,16058,3672
1928,859074603037188101,35026,14400
1929,859196978902773760,93025,31997
1930,859607811541651456,19178,1663
1931,859851578198683649,15870,3699
1932,859924526012018688,20140,4316
1933,860184849394610176,17199,6157
1934,860276583193509888,18863,3662
1935,860524505164394496,24328,5558
1936,860563773140209665,7734,2273
1937,860924035999428608,0,859
1938,861005113778896900,17229,4010
1939,861288531465048066,17699,4384
1940,861383897657036800,37128,11254
1941,862096992088072192,76775,24488
1942,862457590147678208,21129,5221
1943,862722525377298433,17517,3711
1944,862831371563274240,19691,5321
1945,863062471531167744,8783,2600
1946,863079547188785154,8974,1155
1947,863432100342583297,24410,5531
1948,863553081350529029,15661,4365
1949,863907417377173506,21139,4337
1950,864197398364647424,30931,9380
1951,864279568663928832,14960,3189
1952,864873206498414592,33110,9136
1953,865006731092295680,28659,8015
1954,865359393868664832,27087,5232
1955,865718153858494464,26204,5847
1956,866334964761202691,53761,15101
1957,866450705531457537,124714,36701
1958,866686824827068416,19766,3629
1959,867051520902168576,32880,8193
1960,867072653475098625,0,131
1961,867421006826221569,16476,2619
1962,867774946302451713,34610,7598
1963,867900495410671616,24606,4332
1964,868552278524837888,10358,2173
1965,868622495443632128,27848,6126
1966,868880397819494401,66722,15002
1967,869227993411051520,20768,3922
1968,869596645499047938,16222,3238
1969,869702957897576449,28675,6535
1970,869772420881756160,43014,10374
1971,870063196459192321,37198,8617
1972,870308999962521604,22115,4274
1973,870374049280663552,83729,27026
1974,870656317836468226,12599,2732
1975,870804317367881728,34049,6405
1976,871032628920680449,22916,3902
1977,871515927908634625,20436,3544
1978,871762521631449091,20468,3574
1979,871879754684805121,38466,11539
1980,872122724285648897,34789,8333
1981,872261713294495745,34565,6494
1982,872486979161796608,41046,9225
1983,872620804844003328,20981,3800
1984,872820683541237760,14833,3783
1985,872967104147763200,27597,5523
1986,873213775632977920,7328,1623
1987,873580283840344065,24436,4035
1988,874012996292530176,34945,10696
1989,874057562936811520,22802,4034
1990,874296783580663808,26233,4204
1991,874680097055178752,28039,4737
1992,875021211251597312,25636,4802
1993,875144289856114688,22042,5016
1994,875747767867523072,25356,4377
1995,876120275196170240,28084,4782
1996,876484053909872640,18878,2451
1997,876838120628539392,20804,3425
1998,877201837425926144,27282,5704
1999,877316821321428993,27493,5273
2000,877556246731214848,22895,3896
2001,877611172832227328,0,81
2002,877736472329191424,80427,19509
2003,878057613040115712,42269,6966
2004,878281511006478336,7799,1314
2005,878776093423087618,19471,4196
2006,879008229531029506,19046,2738
2007,879050749262655488,22707,4795
2008,879376492567855104,16851,3163
2009,879415818425184262,106408,44856
2010,879492040517615616,23521,3238
2011,879862464715927552,22404,3555
2012,880095782870896641,27762,4424
2013,880221127280381952,27207,4295
2014,880465832366813184,28655,6382
2015,880872448815771648,21401,3879
2016,880935762899988482,17093,2819
2017,881268444196462592,23171,5226
2018,881536004380872706,49676,16218
2019,881666595344535552,50803,10842
2020,881906580714921986,24406,3444
2021,882045870035918850,29510,5058
2022,882268110199369728,45175,11783
2023,882627270321602560,28000,6179
2024,882762694511734784,28461,4994
2025,882992080364220416,24053,3987
2026,883117836046086144,37396,6771
2027,883360690899218434,22654,3739
2028,883482846933004288,46178,10121
2029,883838122936631299,22005,3501
2030,884162670584377345,20477,3034
2031,884441805382717440,27122,5728
2032,884562892145688576,24415,4990
2033,884876753390489601,28069,5928
2034,884925521741709313,77921,18759
2035,885167619883638784,22044,4441
2036,885311592912609280,0,18824
2037,885528943205470208,36174,6530
2038,885984800019947520,32869,6911
2039,886258384151887873,28095,6389
2040,886366144734445568,21217,3230
2041,886680336477933568,22537,4532
2042,886736880519319552,12131,3344
2043,886983233522544640,35332,7872
2044,887101392804085760,30687,6043
2045,887343217045368832,33837,10543
2046,887473957103951883,69438,18480
2047,887517139158093824,46434,11820
2048,887705289381826560,30326,5467
2049,888078434458587136,21861,3552
2050,888554962724278272,20020,3648
2051,888804989199671297,25708,4416
2052,888917238123831296,29218,4569
2053,889278841981685760,25408,5522
2054,889531135344209921,15158,2262
2055,889638837579907072,27301,4606
2056,889665388333682689,48293,10198
2057,889880896479866881,27918,5033
2058,890006608113172480,30791,7441
2059,890240255349198849,32081,7528
2060,890609185150312448,27891,4322
2061,890729181411237888,65861,19171
2062,890971913173991426,11910,2104
2063,891087950875897856,20308,3158
2064,891327558926688256,40490,9530
2065,891689557279858688,42323,8764
2066,891815181378084864,25153,4215
2067,892177421306343426,33376,6355
2068,892420643555336193,38984,8650
